,matrix,statsmodels,sklearn,GD,dim
0,3.7837028503417966e-05,0.00047674179077148435,0.00037493705749511717,0.0012566566467285157,7
1,2.5510787963867188e-05,0.0004482746124267578,0.0003537178039550781,0.0009466409683227539,70
2,3.647804260253906e-05,0.0005455493927001953,0.00041704177856445314,0.001089620590209961,700
3,0.00012066364288330079,0.0011769533157348633,0.0006074905395507812,0.0022739171981811523,7000
4,0.00046896934509277344,0.005106425285339356,0.0024344682693481444,0.00633237361907959,42000
5,0.001601576805114746,0.019929933547973632,0.006626105308532715,0.018950629234313964,142000
6,0.02168600559234619,0.25014829635620117,0.10194642543792724,0.4328421115875244,1420000
7,0.28304257392883303,2.8477930307388304,0.8928492546081543,5.404400563240051,14200000
